allele,frequency
B07:02,0.0565
B07:04,7.1e-05
B07:05,0.0099
B07:07,0.0001
B07:09,5.6e-05
B07:10,0.0002
B07:14,3.5e-05
B07:16,7e-06
B07:20,1.4e-05
B07:26,7e-06
B07:35,7e-06
B07:40,1.9e-05
B07:42,7e-06
B07:48,1.4e-05
B07:53,2e-06
B07:115,7e-06
B08:01,0.0536
B08:03,7e-06
B08:07,7e-06
B08:13,7e-06
B08:22,7e-06
B08:37,1.4e-05
B13:01,0.0005
B13:02,0.0319
B14:01,0.0049
B14:02,0.0361
B14:03,9.9e-05
B14:05,7e-06
B14:06,2.1e-05
B15:01,0.0233
B15:02,0.0004
B15:03,0.0051
B15:04,1.4e-05
B15:05,5.6e-05
B15:06,7e-06
B15:07,0.0003
B15:08,0.001
B15:09,0.0011
B15:10,0.0011
B15:11,4.9e-05
B15:13,2.1e-05
B15:16,0.0007
B15:17,0.0148
B15:18,0.003
B15:21,1.4e-05
B15:23,4.9e-05
B15:24,0.0003
B15:25,6.3e-05
B15:27,7e-06
B15:29,0.0007
B15:30,3.9e-05
B15:31,0.0001
B15:33,2.1e-05
B15:37,7e-06
B15:39,2.8e-05
B15:45,7e-06
B15:48,7e-06
B15:55,2.1e-05
B15:71,7e-06
B15:73,8.1e-05
B15:82,7e-06
B15:108,1.4e-05
B15:123,6.3e-05
B15:175,1.4e-05
B15:184,7e-06
B18:01,0.0724
B18:03,0.0003
B18:04,4.9e-05
B18:05,0.0002
B18:06,7e-06
B18:07,9.2e-05
B18:11,4.9e-05
B18:12,7e-06
B18:18,7.1e-05
B18:19,1.4e-05
B18:20,3.5e-05
B18:32,7e-06
B18:33,4.9e-05
B18:37,7e-06
B18:60,7e-06
B27:01,7e-06
B27:02,0.0059
B27:03,0.0004
B27:04,0.0003
B27:05,0.0148
B27:06,1.4e-05
B27:07,0.0019
B27:08,3.5e-05
B27:09,0.0002
B27:10,2.8e-05
B27:12,0.0003
B27:14,2.8e-05
B27:19,4.2e-05
B27:26,7e-06
B35:01,0.0649
B35:02,0.0329
B35:03,0.031
B35:04,1.4e-05
B35:05,7.1e-05
B35:08,0.0181
B35:11,7e-06
B35:12,0.0001
B35:14,4.2e-05
B35:15,7e-06
B35:16,7e-06
B35:17,0.0001
B35:20,4.9e-05
B35:21,1.4e-05
B35:24,1.4e-05
B35:25,2.1e-05
B35:27,7e-06
B35:32,7e-06
B35:37,2.1e-05
B35:38,2.1e-05
B35:41,1.4e-05
B35:43,0.0001
B35:77,7e-06
B35:81,7e-06
B35:84,3e-06
B35:112,7e-06
B35:115,7e-06
B35:150,4e-06
B35:156,3.5e-05
B37:01,0.0111
B37:02,0.0002
B37:04,1.4e-05
B37:10,7e-06
B38:01,0.0369
B38:02,0.0002
B38:09,7e-06
B38:12,7e-06
B39:01,0.0098
B39:02,2.1e-05
B39:03,0.0002
B39:04,1.4e-05
B39:05,0.0003
B39:06,0.0041
B39:08,2.8e-05
B39:09,2.1e-05
B39:10,0.0008
B39:11,2.8e-05
B39:14,7e-06
B39:24,0.0013
B39:29,7e-06
B39:31,0.0002
B40:01,0.0206
B40:02,0.0093
B40:03,2e-06
B40:04,1.4e-05
B40:05,4.2e-05
B40:06,0.0037
B40:07,7e-06
B40:08,4.2e-05
B40:10,7e-06
B40:11,2.1e-05
B40:12,0.0001
B40:16,7e-06
B40:18,3e-06
B40:19,3.5e-05
B40:23,7e-06
B40:26,7e-06
B40:27,1.4e-05
B40:31,1.4e-05
B40:32,7e-06
B40:50,1.4e-05
B40:52,3e-06
B40:136,7e-06
B41:01,0.0269
B41:02,0.0078
B41:06,7e-06
B41:09,7e-06
B41:14,1.4e-05
B42:01,0.0014
B42:02,0.0003
B42:05,7e-06
B44:02,0.0542
B44:03,0.03
B44:04,0.0001
B44:05,0.0041
B44:06,0.0002
B44:08,1.4e-05
B44:09,2.8e-05
B44:10,7e-06
B44:21,4.2e-05
B44:25,5.6e-05
B44:29,0.0001
B44:42,7e-06
B44:51,2.8e-05
B44:60,1.4e-05
B44:83,7e-06
B44:84,7e-06
B45:01,0.0071
B46:01,0.0003
B47:01,0.0034
B47:02,9.9e-05
B47:03,3.5e-05
B48:01,0.0009
B48:02,7e-06
B48:03,1.4e-05
B48:04,1.4e-05
B49:01,0.0377
B49:02,7e-06
B50:01,0.0297
B50:02,0.0004
B50:04,7e-06
B51:01,0.0781
B51:02,0.0002
B51:03,7e-06
B51:04,7e-06
B51:05,0.0019
B51:06,0.0001
B51:07,0.0017
B51:08,0.0047
B51:09,0.0003
B51:13,7e-06
B51:19,2.8e-05
B51:20,2.1e-05
B51:21,7e-06
B51:29,6.3e-05
B51:33,7e-06
B51:34,1.4e-05
B51:54,7e-06
B51:69,7e-06
B52:01,0.0331
B53:01,0.0121
B53:04,7e-06
B53:05,7.8e-05
B53:10,7e-06
B53:16,7e-06
B53:24,7e-06
B54:01,0.0003
B55:01,0.0219
B55:02,4.9e-05
B56:01,0.0036
B56:02,7e-06
B56:04,7e-06
B56:11,7e-06
B56:15,2.1e-05
B57:01,0.0219
B57:02,0.0008
B57:03,0.0023
B57:04,1.4e-05
B57:22,7e-06
B58:01,0.0173
B58:02,0.0002
B58:05,7e-06
B58:19,7e-06
B67:01,2.1e-05
B73:01,0.0028
B78:01,0.0002
B78:02,1.4e-05
B81:01,0.0001
B82:01,7e-06
B82:02,4.2e-05
B83:01,1.4e-05
A01:01,0.135
A01:02,0.0003
A01:03,0.0011
A01:06,9.2e-05
A01:20,7e-06
A01:25,2.1e-05
A01:28,7e-06
A01:30,1.4e-05
A02:01,0.1973
A02:02,0.006
A02:03,0.0002
A02:04,2.1e-05
A02:05,0.0212
A02:06,0.002
A02:07,0.0001
A02:08,0.0001
A02:11,0.0012
A02:12,7e-06
A02:13,7e-06
A02:14,7e-06
A02:17,0.0022
A02:20,0.0002
A02:22,0.0002
A02:24,1.4e-05
A02:30,7e-06
A02:34,7e-06
A02:35,7e-06
A02:37,7e-06
A02:38,1.4e-05
A02:46,7e-06
A02:49,2.8e-05
A02:51,4e-06
A02:56,4e-06
A02:64,7e-06
A02:85,0.0002
A02:86,1.4e-05
A02:93,2.8e-05
A02:103,4e-06
A02:106,4e-06
A02:110,7.1e-05
A02:121,7e-06
A02:149,7e-06
A02:160,1e-06
A02:161,1e-06
A02:162,1e-06
A02:163,1e-06
A02:165,1e-06
A02:166,1e-06
A02:168,1e-06
A03:01,0.101
A03:02,0.0175
A03:05,7.1e-05
A03:08,1.4e-05
A03:108,7e-06
A11:01,0.0641
A11:02,2.1e-05
A11:03,7e-06
A11:05,2.1e-05
A11:08,1.1e-05
A11:09,7e-06
A11:12,7e-06
A11:18,1.4e-05
A11:24,1.4e-05
A11:25,1.1e-05
A23:01,0.0297
A23:12,7e-06
A23:13,2.1e-05
A23:15,7e-06
A23:30,7e-06
A24:02,0.1174
A24:03,0.0089
A24:05,3.5e-05
A24:07,0.0004
A24:08,2.1e-05
A24:14,7e-06
A24:17,4.9e-05
A24:25,1.4e-05
A24:26,2.8e-05
A24:28,1.4e-05
A24:29,1.4e-05
A24:30,4e-06
A24:31,7e-06
A24:34,4e-06
A24:35,4e-06
A24:37,4e-06
A24:46,7e-06
A24:47,4e-06
A24:52,1.4e-05
A24:56,7e-06
A24:70,7e-06
A24:95,7e-06
A24:109,1.4e-05
A24:162,4e-06
A25:01,0.0097
A25:02,4e-06
A25:11,4e-06
A26:01,0.0442
A26:03,1.4e-05
A26:05,7e-06
A26:07,7e-06
A26:08,0.0006
A26:12,7e-06
A26:14,1.4e-05
A26:15,7e-06
A26:16,2.1e-05
A26:17,4.9e-05
A29:01,0.0119
A29:02,0.0193
A29:03,7e-06
A29:10,0.0001
A29:12,7e-06
A30:01,0.0283
A30:02,0.0133
A30:04,0.0089
A30:08,2.1e-05
A30:10,7.4e-05
A30:11,7e-06
A30:15,7e-06
A30:26,7e-06
A30:29,7e-06
A31:01,0.0186
A31:04,3.5e-05
A31:06,2.8e-05
A31:09,7e-06
A32:01,0.0493
A32:02,7e-06
A32:03,7.1e-05
A32:04,2.1e-05
A32:07,7e-06
A32:18,7e-06
A32:20,7e-06
A32:22,7e-06
A33:01,0.0189
A33:03,0.0109
A33:05,4.2e-05
A34:01,1.4e-05
A34:02,0.0012
A34:03,4e-06
A34:06,4e-06
A36:01,0.0002
A36:02,7e-06
A36:03,7e-06
A36:04,1.4e-05
A43:01,2.1e-05
A66:01,0.0061
A66:02,4.2e-05
A66:03,2.1e-05
A68:01,0.03
A68:02,0.0112
A68:03,0.0002
A68:05,1.1e-05
A68:12,2.8e-05
A68:13,2.8e-05
A68:20,1.1e-05
A68:24,7e-06
A68:42,7e-06
A69:01,0.0076
A74:01,0.0011
A74:03,0.0002
A74:06,7e-06
A80:01,0.0003
C01:02,0.026
C01:03,2.8e-05
C01:32,3e-06
C02:02,0.0348
C02:04,1e-05
C02:06,1e-05
C02:07,1.2e-05
C02:08,2e-05
C02:14,1.1e-05
C02:28,1.2e-05
C03:02,0.008
C03:03,0.0289
C03:04,0.0284
C03:05,9e-05
C03:06,1.8e-05
C03:14,1.1e-05
C03:16,3e-05
C03:19,4.5e-05
C03:44,1.4e-05
C04:01,0.1689
C04:03,0.0004
C04:04,0.0001
C04:07,7.6e-05
C04:08,1.1e-05
C04:10,2.7e-05
C04:54,1e-05
C05:01,0.0452
C05:09,3.9e-05
C05:39,7e-06
C05:42,1.1e-05
C06:02,0.1032
C06:06,5.1e-05
C06:07,1.8e-05
C06:30,1.3e-05
C07:01,0.1476
C07:02,0.0739
C07:04,0.0111
C07:05,3.9e-05
C07:12,9e-06
C07:17,4e-06
C07:21,4.1e-05
C07:26,7.1e-05
C07:27,4.6e-05
C07:29,1e-05
C07:30,6e-06
C07:36,1.5e-05
C07:40,1.4e-05
C07:58,8e-06
C07:68,1.6e-05
C07:72,1.3e-05
C07:76,2e-05
C07:85,1.4e-05
C07:95,1e-05
C07:165,4e-06
C07:170,4e-06
C07:171,7e-06
C07:172,4e-06
C07:173,5e-06
C07:174,4e-06
C07:175,7e-06
C07:176,4e-06
C07:177,7e-06
C07:178,4e-06
C07:179,5e-06
C08:01,0.0011
C08:02,0.0409
C08:03,0.0003
C08:04,9.5e-05
C08:10,1.3e-05
C08:15,6e-06
C08:23,1.1e-05
C08:29,1e-05
C12:02,0.033
C12:03,0.0911
C12:05,0.0002
C12:09,1.1e-05
C14:02,0.0236
C14:03,0.0005
C14:04,2e-05
C15:02,0.0372
C15:04,0.0016
C15:05,0.0139
C15:06,0.0003
C15:09,4e-05
C15:11,1e-05
C15:17,1.6e-05
C15:36,1.7e-05
C16:01,0.0169
C16:02,0.0157
C16:04,0.0116
C17:01,0.0338
C18:01,0.0006
